{"cameraMode":{"drawMode":0,"name":"Shaded","section":"Shading Mode"},"sceneLighting":false,"audioPlay":false,"sceneViewState":{"m_AlwaysRefresh":false,"showFog":true,"showSkybox":false,"showFlares":true,"showImageEffects":true,"showParticleSystems":true,"showVisualEffectGraphs":true,"m_FxEnabled":true},"in2DMode":false,"pivot":{"x":-0.028189897537231447,"y":-0.09056949615478516,"z":0.03017115592956543},"rotation":{"x":0.08120466023683548,"y":-0.1695893257856369,"z":0.01402295846492052,"w":0.982064425945282},"size":6.353501319885254,"orthographic":false}