{"cameraMode":{"drawMode":0,"name":"Shaded","section":"Shading Mode"},"sceneLighting":false,"audioPlay":false,"sceneViewState":{"m_AlwaysRefresh":false,"showFog":true,"showSkybox":false,"showFlares":true,"showImageEffects":true,"showParticleSystems":true,"showVisualEffectGraphs":true,"m_FxEnabled":true},"in2DMode":false,"pivot":{"x":-0.017230570316314698,"y":1.350627064704895,"z":0.03638327121734619},"rotation":{"x":0.08120466023683548,"y":-0.1695893257856369,"z":0.01402295846492052,"w":0.982064425945282},"size":2.070368766784668,"orthographic":false}