{"cameraMode":{"drawMode":0,"name":"Shaded","section":"Shading Mode"},"sceneLighting":false,"audioPlay":false,"sceneViewState":{"m_AlwaysRefresh":false,"showFog":true,"showSkybox":false,"showFlares":true,"showImageEffects":true,"showParticleSystems":true,"showVisualEffectGraphs":true,"m_FxEnabled":true},"in2DMode":false,"pivot":{"x":0.06389820575714112,"y":2.5879056453704836,"z":0.07375562191009522},"rotation":{"x":0.08120466023683548,"y":-0.1695893257856369,"z":0.01402295846492052,"w":0.982064425945282},"size":3.4040279388427736,"orthographic":false}