{"cameraMode":{"drawMode":0,"name":"Shaded","section":"Shading Mode"},"sceneLighting":true,"audioPlay":false,"sceneViewState":{"m_AlwaysRefresh":false,"showFog":true,"showSkybox":true,"showFlares":true,"showImageEffects":true,"showParticleSystems":true,"showVisualEffectGraphs":true,"m_FxEnabled":true},"in2DMode":false,"pivot":{"x":0.001060996437445283,"y":1.9996998310089112,"z":-0.0014554326189681888},"rotation":{"x":-0.10377927869558335,"y":0.15804007649421693,"z":-0.016704879701137544,"w":-0.9818221926689148},"size":4.248815536499023,"orthographic":false}